-- シードデータ（tokkun-sql と同一のデータ）

INSERT INTO departments (id, name, location) VALUES
    (1, '営業部',     '東京'),
    (2, '開発部',     '大阪'),
    (3, '人事部',     '東京'),
    (4, 'マーケティング部', '名古屋'),
    (5, '経理部',     '東京');

-- シーケンスを手動挿入した最大 id に合わせてリセット
SELECT setval('departments_id_seq', (SELECT MAX(id) FROM departments));

INSERT INTO employees (id, name, dept_id, salary, hire_date, manager_id) VALUES
    ( 1, '田中 太郎',   1,  60000, '2015-04-01', NULL),
    ( 2, '鈴木 花子',   2,  75000, '2017-06-15', 1),
    ( 3, '佐藤 次郎',   1,  55000, '2018-03-20', 1),
    ( 4, '高橋 美咲',   3,  65000, '2019-07-01', NULL),
    ( 5, '渡辺 健一',   2,  80000, '2016-09-01', 2),
    ( 6, '伊藤 さくら', 4,  70000, '2020-01-15', NULL),
    ( 7, '山本 大輔',   2,  90000, '2014-05-10', 2),
    ( 8, '中村 あおい', 3,  58000, '2021-04-01', 4),
    ( 9, '小林 翔太',   1,  52000, '2022-08-01', 1),
    (10, '加藤 理恵',   4,  67000, '2020-11-20', 6),
    (11, '吉田 誠',     5,  72000, '2018-02-14', NULL),
    (12, '山田 優子',   5,  61000, '2019-10-01', 11),
    (13, '松本 剛',     2,  83000, '2015-12-01', 2),
    (14, '井上 美紀',   4,  69000, '2021-06-15', 6),
    (15, '木村 拓也',   1,  57000, '2023-04-01', 1);

SELECT setval('employees_id_seq', (SELECT MAX(id) FROM employees));

INSERT INTO projects (id, name, start_date, end_date, budget) VALUES
    (1, '基幹システム刷新',   '2023-01-10', '2023-12-31', 5000000),
    (2, '営業支援ツール導入', '2023-04-01', '2023-09-30', 1500000),
    (3, '新製品マーケ施策',   '2023-06-01', NULL,         800000),
    (4, '人事システム改善',   '2022-10-01', '2023-03-31', 600000),
    (5, 'データ分析基盤構築', '2023-07-01', NULL,         3000000);

SELECT setval('projects_id_seq', (SELECT MAX(id) FROM projects));

INSERT INTO employee_projects (employee_id, project_id, role) VALUES
    ( 2,  1, 'リーダー'),
    ( 5,  1, 'メンバー'),
    ( 7,  1, 'メンバー'),
    (13,  1, 'メンバー'),
    ( 1,  2, 'リーダー'),
    ( 3,  2, 'メンバー'),
    ( 9,  2, 'メンバー'),
    ( 6,  3, 'リーダー'),
    (10,  3, 'メンバー'),
    (14,  3, 'メンバー'),
    ( 4,  4, 'リーダー'),
    ( 8,  4, 'メンバー'),
    (12,  4, 'メンバー'),
    ( 7,  5, 'リーダー'),
    ( 2,  5, 'メンバー'),
    ( 5,  5, 'メンバー'),
    (13,  5, 'メンバー');
